{"block1_conv1": 0.47127726674079895, "block1_conv2": 1.7687636613845825, "block2_conv1": 1.7293850183486938, "block2_conv2": 1.3513469696044922, "block3_conv1": 1.7883538007736206, "block3_conv2": 2.6324992179870605, "block3_conv3": 5.832179546356201, "block3_conv4": 7.314875602722168, "block4_conv1": 8.763341903686523, "block4_conv2": 5.59104061126709, "block4_conv3": 2.7883899211883545, "block4_conv4": 0.485359787940979, "block5_conv1": 0.595024049282074, "block5_conv2": 0.23445016145706177, "block5_conv3": 0.14379079639911652, "block5_conv4": 0.12375988066196442}