{"block1_conv1": 0.4746013283729553, "block1_conv2": 1.8082550764083862, "block2_conv1": 1.8246837854385376, "block2_conv2": 1.485395073890686, "block3_conv1": 1.9210848808288574, "block3_conv2": 2.8416731357574463, "block3_conv3": 6.306708335876465, "block3_conv4": 8.280118942260742, "block4_conv1": 9.452442169189453, "block4_conv2": 6.159378528594971, "block4_conv3": 3.258039712905884, "block4_conv4": 0.6509302854537964, "block5_conv1": 0.7580718398094177, "block5_conv2": 0.3187297284603119, "block5_conv3": 0.18247686326503754, "block5_conv4": 0.12579947710037231}